https://jsonplaceholder.typicode.com/posts/1,158
https://jsonplaceholder.typicode.com/posts/2,206
https://jsonplaceholder.typicode.com/posts/3,164
https://jsonplaceholder.typicode.com/posts/4,190
https://jsonplaceholder.typicode.com/posts/5,147
https://jsonplaceholder.typicode.com/posts/6,194
https://jsonplaceholder.typicode.com/posts/7,145
https://jsonplaceholder.typicode.com/posts/8,176
https://jsonplaceholder.typicode.com/posts/9,136
https://jsonplaceholder.typicode.com/posts/10,129
https://jsonplaceholder.typicode.com/posts/11,169
https://jsonplaceholder.typicode.com/posts/12,152
https://jsonplaceholder.typicode.com/posts/13,225
https://jsonplaceholder.typicode.com/posts/14,144
https://jsonplaceholder.typicode.com/posts/15,151
https://jsonplaceholder.typicode.com/posts/16,185
https://jsonplaceholder.typicode.com/posts/17,136
https://jsonplaceholder.typicode.com/posts/18,111
https://jsonplaceholder.typicode.com/posts/19,143
https://jsonplaceholder.typicode.com/posts/20,213
https://jsonplaceholder.typicode.com/posts/21,164
https://jsonplaceholder.typicode.com/posts/22,128
https://jsonplaceholder.typicode.com/posts/23,163
https://jsonplaceholder.typicode.com/posts/24,144
https://jsonplaceholder.typicode.com/posts/25,147
https://jsonplaceholder.typicode.com/posts/26,174
https://jsonplaceholder.typicode.com/posts/27,190
https://jsonplaceholder.typicode.com/posts/28,141
https://jsonplaceholder.typicode.com/posts/29,147
https://jsonplaceholder.typicode.com/posts/30,140
https://jsonplaceholder.typicode.com/posts/31,176
https://jsonplaceholder.typicode.com/posts/32,190
https://jsonplaceholder.typicode.com/posts/33,136
https://jsonplaceholder.typicode.com/posts/34,212
https://jsonplaceholder.typicode.com/posts/35,176
https://jsonplaceholder.typicode.com/posts/36,205
https://jsonplaceholder.typicode.com/posts/37,176
https://jsonplaceholder.typicode.com/posts/38,202
https://jsonplaceholder.typicode.com/posts/39,182
https://jsonplaceholder.typicode.com/posts/40,168
https://jsonplaceholder.typicode.com/posts/41,181
https://jsonplaceholder.typicode.com/posts/42,176
https://jsonplaceholder.typicode.com/posts/43,190
https://jsonplaceholder.typicode.com/posts/44,163
https://jsonplaceholder.typicode.com/posts/45,121
https://jsonplaceholder.typicode.com/posts/46,113
https://jsonplaceholder.typicode.com/posts/47,171
https://jsonplaceholder.typicode.com/posts/48,159
https://jsonplaceholder.typicode.com/posts/49,158
https://jsonplaceholder.typicode.com/posts/50,193
https://jsonplaceholder.typicode.com/posts/51,122
https://jsonplaceholder.typicode.com/posts/52,164
https://jsonplaceholder.typicode.com/posts/53,168
https://jsonplaceholder.typicode.com/posts/54,131
https://jsonplaceholder.typicode.com/posts/55,147
https://jsonplaceholder.typicode.com/posts/56,156
https://jsonplaceholder.typicode.com/posts/57,131
https://jsonplaceholder.typicode.com/posts/58,123
https://jsonplaceholder.typicode.com/posts/59,197
https://jsonplaceholder.typicode.com/posts/60,131
https://jsonplaceholder.typicode.com/posts/61,171
https://jsonplaceholder.typicode.com/posts/62,171
https://jsonplaceholder.typicode.com/posts/63,207
https://jsonplaceholder.typicode.com/posts/64,128
https://jsonplaceholder.typicode.com/posts/65,173
https://jsonplaceholder.typicode.com/posts/66,147
https://jsonplaceholder.typicode.com/posts/67,162
https://jsonplaceholder.typicode.com/posts/68,131
https://jsonplaceholder.typicode.com/posts/69,218
https://jsonplaceholder.typicode.com/posts/70,127
https://jsonplaceholder.typicode.com/posts/71,138
https://jsonplaceholder.typicode.com/posts/72,176
https://jsonplaceholder.typicode.com/posts/73,171
https://jsonplaceholder.typicode.com/posts/74,182
https://jsonplaceholder.typicode.com/posts/75,196
https://jsonplaceholder.typicode.com/posts/76,102
https://jsonplaceholder.typicode.com/posts/77,186
https://jsonplaceholder.typicode.com/posts/78,117
https://jsonplaceholder.typicode.com/posts/79,158
https://jsonplaceholder.typicode.com/posts/80,180
https://jsonplaceholder.typicode.com/posts/81,198
https://jsonplaceholder.typicode.com/posts/82,179
https://jsonplaceholder.typicode.com/posts/83,182
https://jsonplaceholder.typicode.com/posts/84,134
https://jsonplaceholder.typicode.com/posts/85,167
https://jsonplaceholder.typicode.com/posts/86,171
https://jsonplaceholder.typicode.com/posts/87,106
https://jsonplaceholder.typicode.com/posts/88,106
https://jsonplaceholder.typicode.com/posts/89,152
https://jsonplaceholder.typicode.com/posts/90,151
https://jsonplaceholder.typicode.com/posts/91,155
https://jsonplaceholder.typicode.com/posts/92,135
https://jsonplaceholder.typicode.com/posts/93,177
https://jsonplaceholder.typicode.com/posts/94,167
https://jsonplaceholder.typicode.com/posts/95,195
https://jsonplaceholder.typicode.com/posts/96,128
https://jsonplaceholder.typicode.com/posts/97,215
https://jsonplaceholder.typicode.com/posts/98,120
https://jsonplaceholder.typicode.com/posts/99,109
https://jsonplaceholder.typicode.com/posts/100,146
